"titles","contributors"
"adelaida_district.geojson","MicheleTobias|andrewjessup|SoominHur|labriola|elistockwell"
"alexander_valley.geojson","elistockwell|MicheleTobias|amberreyes|SoominHur|labriola"
"alexandria_lakes.geojson","dannyo33|labriola|kurtishouser|elistockwell"
"alisos_canyon.geojson","elistockwell|MicheleTobias|labriola"
"alta_mesa.geojson","SoominHur|labriola|fyfangyao|elistockwell"
"altus.geojson","dannyo33|elistockwell|labriola"
"ancient_lakes_of_columbia_valley.geojson","andrewjessup|labriola|elistockwell"
"anderson_valley.geojson","MicheleTobias|labriola|SoominHur|amberreyes|elistockwell"
"antelope_valley_of_the_california_high_desert.geojson","MicheleTobias|andrewjessup|SoominHur|labriola|elistockwell"
"appalachian_high_country.geojson","labriola|ericallanwest|kurtishouser|davidkli|elistockwell"
"applegate_valley.geojson","labriola|kurtishouser|gdmf|elistockwell"
"arkansas_mountain.geojson","dannyo33|labriola|elistockwell"
"arroyo_grande_valley.geojson","MicheleTobias|andrewjessup|SoominHur|labriola|elistockwell"
"arroyo_seco.geojson","elistockwell|kurtishouser|fyfangyao|SoominHur|labriola"
"atlas_peak.geojson","MicheleTobias|SoominHur|labriola|amberreyes|elistockwell"
"augusta.geojson","labriola|ericallanwest|kurtishouser|elistockwell"
"ballard_canyon.geojson","SoominHur|andrewjessup|MicheleTobias|labriola|elistockwell"
"bell_mountain.geojson","SoominHur|labriola|elistockwell"
"ben_lomond_mountain.geojson","SoominHur|labriola|fyfangyao|elistockwell"
"benmore_valley.geojson","SoominHur|labriola|fyfangyao|elistockwell"
"bennett_valley.geojson","MicheleTobias|SoominHur|labriola|amberreyes|elistockwell"
"big_valley_district_lake_county.geojson","SoominHur|labriola|fyfangyao|elistockwell"
"borden_ranch.geojson","SoominHur|MicheleTobias|labriola|elistockwell"
"california_shenandoah_valley.geojson","SoominHur|labriola|kurtishouser|fyfangyao|elistockwell"
"calistoga.geojson","SoominHur|MicheleTobias|elistockwell|amberreyes"
"candy_mountain.geojson","elistockwell|MicheleTobias|labriola|kurtishouser"
"capay_valley.geojson","SoominHur|labriola|kurtishouser|fyfangyao|elistockwell"
"cape_may_peninsula.geojson","labriola|kurtishouser|ericallanwest|MicheleTobias|elistockwell"
"carmel_valley.geojson","MicheleTobias|SoominHur|labriola|elistockwell"
"catoctin.geojson","labriola|ericallanwest|kurtishouser|davidkli|elistockwell"
"cayuga_lake.geojson","labriola|kurtishouser|gdmf|elistockwell"
"central_coast.geojson","MicheleTobias|kurtishouser|elistockwell|fyfangyao|davidkli"
"central_delaware_valley.geojson","labriola|ericallanwest|kurtishouser|davidkli|elistockwell"
"chalk_hill.geojson","SoominHur|elistockwell|MicheleTobias|labriola|amberreyes"
"chalone.geojson","SoominHur|labriola|fyfangyao|elistockwell"
"champlain_valley_of_new_york.geojson","labriola|ericallanwest|kurtishouser|elistockwell"
"chehalem_mountains.geojson","elistockwell|labriola|kurtishouser|gdmf"
"chiles_valley.geojson","MicheleTobias|amberreyes|SoominHur|labriola|elistockwell"
"cienega_valley.geojson","SoominHur|MicheleTobias|labriola|fyfangyao|elistockwell"
"clarksburg.geojson","SoominHur|labriola|fyfangyao|elistockwell"
"clear_lake.geojson","MicheleTobias|SoominHur|labriola|elistockwell"
"clements_hills.geojson","SoominHur|labriola|fyfangyao|elistockwell"
"cole_ranch.geojson","fyfangyao|SoominHur|labriola|elistockwell"
"columbia_gorge.geojson","KyleWSmith|MicheleTobias|elistockwell|labriola"
"columbia_valley.geojson","elistockwell|andrewjessup|sdelong|labriola"
"coombsville.geojson","MicheleTobias|SoominHur|qjhart|labriola|elistockwell"
"cosumnes_river.geojson","SoominHur|labriola|fyfangyao|elistockwell"
"covelo.geojson","MicheleTobias|fyfangyao|labriola|elistockwell"
"crest_of_the_blue_ridge_henderson_county.geojson","labriola|ericallanwest|kurtishouser|elistockwell"
"creston_district.geojson","andrewjessup|SoominHur|MicheleTobias|labriola|elistockwell"
"cucamonga_valley.geojson","MicheleTobias|andrewjessup|SoominHur|labriola|elistockwell"
"cumberland_valley.geojson","labriola|ericallanwest|kurtishouser|davidkli|elistockwell"
"dahlonega_plateau.geojson","labriola|ericallanwest|kurtishouser|elistockwell"
"diablo_grande.geojson","SoominHur|labriola|fyfangyao|elistockwell"
"diamond_mountain_district.geojson","SoominHur|MicheleTobias|labriola|amberreyes|elistockwell"
"dos_rios.geojson","SoominHur|labriola|fyfangyao|elistockwell"
"dry_creek_valley.geojson","SoominHur|MicheleTobias|amberreyes|elistockwell|labriola"
"dundee_hills.geojson","labriola|kurtishouser|gdmf|elistockwell"
"dunnigan_hills.geojson","labriola|SoominHur|fyfangyao|elistockwell"
"eagle_foothills.geojson","labriola|ericallanwest|kurtishouser|elistockwell"
"eagle_peak_mendocino_county.geojson","MicheleTobias|SoominHur|labriola|kurtishouser|elistockwell"
"eastern_connecticut_highlands.geojson","labriola|ericallanwest|kurtishouser|elistockwell"
"edna_valley.geojson","SoominHur|andrewjessup|MicheleTobias|labriola|elistockwell"
"el_dorado.geojson","ariellerose|elistockwell|MicheleTobias|SoominHur|labriola"
"el_pomar_district.geojson","SoominHur|MicheleTobias|andrewjessup|labriola|elistockwell"
"elkton_oregon.geojson","andrewjessup|labriola|elistockwell"
"eola_amity_hills.geojson","labriola|kurtishouser|gdmf|elistockwell"
"escondido_valley.geojson","SoominHur|labriola|elistockwell"
"fair_play.geojson","MicheleTobias|elistockwell|SoominHur|labriola|fyfangyao"
"fennville.geojson","MicheleTobias|labriola|elistockwell"
"fiddletown.geojson","elistockwell|fyfangyao"
"finger_lakes.geojson","labriola|elistockwell|ericallanwest|kurtishouser"
"fort_ross_seaview.geojson","MicheleTobias|SoominHur|labriola|amberreyes|elistockwell"
"fountaingrove_district.geojson","SoominHur|MicheleTobias|labriola|amberreyes|elistockwell"
"fredericksburg_in_the_texas_hill_country.geojson","labriola|ericallanwest|kurtishouser|elistockwell"
"grand_river_valley.geojson","labriola|ericallanwest|kurtishouser|elistockwell"
"grand_valley.geojson","MicheleTobias|labriola|APRios|elistockwell"
"green_valley_of_russian_river_valley.geojson","elistockwell"
"guenoc_valley.geojson","MicheleTobias|labriola|elistockwell"
"hames_valley.geojson","MicheleTobias|SoominHur|labriola|elistockwell"
"happy_canyon_of_santa_barbara.geojson","andrewjessup|SoominHur|labriola|elistockwell"
"haw_river_valley.geojson","labriola|ericallanwest|kurtishouser|davidkli|elistockwell"
"hermann.geojson","labriola|ericallanwest|kurtishouser|elistockwell"
"high_valley.geojson","MicheleTobias|labriola|elistockwell"
"horse_heaven_hills.geojson","andrewjessup|labriola|elistockwell"
"howell_mountain.geojson","elistockwell|MicheleTobias|SoominHur|labriola|amberreyes"
"hudson_river_region.geojson","labriola|ericallanwest|kurtishouser|elistockwell"
"indiana_uplands.geojson","ericallanwest|labriola|kurtishouser|elistockwell"
"inwood_valley.geojson","MicheleTobias|labriola|elistockwell"
"isle_st__george.geojson","labriola|ericallanwest|kurtishouser|elistockwell"
"jahant.geojson","SoominHur|MicheleTobias|labriola|elistockwell"
"kanawha_river_valley.geojson","labriola|ericallanwest|kurtishouser|davidkli|elistockwell"
"kelsey_bench_lake_county.geojson","SoominHur|MicheleTobias|labriola|elistockwell"
"knights_valley.geojson","MicheleTobias|labriola|SoominHur|amberreyes|elistockwell"
"lake_chelan.geojson","labriola|kurtishouser|gdmf|elistockwell"
"lake_erie.geojson","labriola|ericallanwest|kurtishouser|davidkli|elistockwell"
"lake_michigan_shore.geojson","labriola|ericallanwest|kurtishouser|elistockwell"
"lake_wisconsin.geojson","MicheleTobias|amgard|labriola|elistockwell"
"lamorinda.geojson","MicheleTobias|SoominHur|labriola|elistockwell"
"lancaster_valley.geojson","labriola|ericallanwest|kurtishouser|davidkli|elistockwell"
"laurelwood_district.geojson","elistockwell|MicheleTobias|labriola|kurtishouser"
"leelanau_peninsula.geojson","labriola|davidkli|elistockwell"
"lehigh_valley.geojson","labriola|ericallanwest|kurtishouser|davidkli|elistockwell"
"leona_valley.geojson","andrewjessup|labriola|elistockwell"
"lewis_clark_valley.geojson","andrewjessup|labriola|elistockwell"
"lime_kiln_valley.geojson","SoominHur|labriola|fyfangyao|elistockwell"
"linganore.geojson","labriola|ericallanwest|kurtishouser|davidkli|elistockwell"
"livermore_valley.geojson","elistockwell|SoominHur|labriola|fyfangyao"
"lodi.geojson","MicheleTobias|elistockwell|SoominHur"
"loess_hills_district.geojson","labriola|elistockwell|ericallanwest|kurtishouser"
"long_island.geojson","labriola|elistockwell|ericallanwest|kurtishouser"
"loramie_creek.geojson","labriola|dannyo33|elistockwell"
"los_carneros.geojson","MicheleTobias|SoominHur|elistockwell|qjhart|labriola|kurtishouser"
"los_olivos_district.geojson","SoominHur|andrewjessup|labriola|elistockwell"
"madera.geojson","sierramabanta|elistockwell|SoominHur|MicheleTobias|kurtishouser"
"malibu_coast.geojson","andrewjessup|SoominHur|labriola|elistockwell"
"malibu_newton_canyon.geojson","andrewjessup|labriola|elistockwell"
"manton_valley.geojson","MicheleTobias|labriola|elistockwell"
"martha_s_vineyard.geojson","ericallanwest|labriola|kurtishouser|elistockwell"
"mcdowell_valley.geojson","SoominHur|labriola|fyfangyao|elistockwell"
"mcminnville.geojson","andrewjessup|labriola|elistockwell"
"mendocino.geojson","SoominHur|elistockwell|kurtishouser|amberreyes"
"mendocino_ridge.geojson","MicheleTobias|SoominHur|labriola|davidkli|amberreyes|elistockwell"
"merritt_island.geojson","MicheleTobias|SoominHur|labriola|elistockwell"
"mesilla_valley.geojson","elistockwell|ericallanwest|labriola|kurtishouser"
"middle_rio_grande_valley.geojson","APRios|labriola|elistockwell"
"middleburg_virginia.geojson","labriola|kurtishouser|elistockwell|ericallanwest"
"mimbres_valley.geojson","labriola|APRios|elistockwell"
"mississippi_delta.geojson","amgard|labriola|elistockwell"
"mokelumne_river.geojson","MicheleTobias|labriola|SoominHur|elistockwell"
"monterey.geojson","MicheleTobias|elistockwell"
"monticello.geojson","labriola|ericallanwest|kurtishouser|elistockwell"
"moon_mountain_district_sonoma_county.geojson","MicheleTobias|SoominHur|amberreyes|labriola|elistockwell"
"mt__harlan.geojson","ariellerose|SoominHur|MicheleTobias|labriola|elistockwell"
"mt__veeder.geojson","SoominHur|MicheleTobias|amberreyes|elistockwell"
"naches_heights.geojson","andrewjessup|labriola|elistockwell"
"napa_valley.geojson","SoominHur|amberreyes|MicheleTobias|labriola|elistockwell"
"niagara_escarpment.geojson","ekalalip|MicheleTobias|labriola|kurtishouser|elistockwell"
"north_coast.geojson","elistockwell|fyfangyao|labriola|davidkli"
"north_fork_of_long_island.geojson","labriola|ericallanwest|kurtishouser|elistockwell"
"north_fork_of_roanoke.geojson","MicheleTobias|labriola|elistockwell|bsllee"
"north_yuba.geojson","MicheleTobias|SoominHur|labriola|elistockwell"
"northern_neck_george_washington_birthplace.geojson","labriola|ericallanwest|kurtishouser|elistockwell"
"northern_sonoma.geojson","elistockwell|SoominHur|MicheleTobias|labriola|amberreyes"
"oak_knoll_district_of_napa_valley.geojson","MicheleTobias|amberreyes|labriola|SoominHur|elistockwell"
"oakville.geojson","SoominHur|MicheleTobias|labriola|amberreyes|elistockwell"
"ohio_river_valley.geojson","sdelong|elistockwell|labriola|davidkli"
"old_mission_peninsula.geojson","dannyo33|labriola|elistockwell"
"outer_coastal_plain.geojson","labriola|ericallanwest|MicheleTobias|kurtishouser|elistockwell"
"ozark_highlands.geojson","MicheleTobias|ekalalip|labriola|elistockwell"
"ozark_mountain.geojson","labriola|elistockwell"
"pacheco_pass.geojson","sierramabanta|MicheleTobias|kurtishouser|SoominHur|labriola|elistockwell"
"paicines.geojson","SoominHur|MicheleTobias|labriola|elistockwell"
"paso_robles.geojson","andrewjessup|kurtishouser|elistockwell|SoominHur"
"paso_robles_estrella_district.geojson","andrewjessup|SoominHur|labriola|elistockwell"
"paso_robles_geneseo_district.geojson","SoominHur|labriola|andrewjessup|elistockwell"
"paso_robles_highlands_district.geojson","andrewjessup|SoominHur|labriola|elistockwell"
"paso_robles_willow_creek_district.geojson","andrewjessup|SoominHur|labriola|elistockwell"
"petaluma_gap.geojson","MicheleTobias|SoominHur|labriola|elistockwell"
"pine_mountain_cloverdale_peak.geojson","MicheleTobias|SoominHur|labriola|amberreyes|elistockwell"
"potter_valley.geojson","SoominHur|MicheleTobias|labriola|amberreyes|elistockwell"
"puget_sound.geojson","andrewjessup|labriola|elistockwell"
"ramona_valley.geojson","andrewjessup|SoominHur|labriola|elistockwell"
"rattlesnake_hills.geojson","andrewjessup|labriola|elistockwell"
"red_hill_douglas_county__oregon.geojson","andrewjessup|labriola|elistockwell"
"red_hills_lake_county.geojson","MicheleTobias|SoominHur|elistockwell"
"red_mountain.geojson","andrewjessup|labriola|elistockwell"
"redwood_valley.geojson","MicheleTobias|elistockwell|SoominHur"
"ribbon_ridge.geojson","labriola|kurtishouser|gdmf|elistockwell"
"river_junction.geojson","labriola|kurtishouser|fyfangyao|elistockwell"
"rockpile.geojson","MicheleTobias|labriola|SoominHur|amberreyes|elistockwell"
"rocky_knob.geojson","labriola|elistockwell|bsllee"
"rogue_valley.geojson","labriola|kurtishouser|gdmf|elistockwell"
"royal_slope.geojson","elistockwell|labriola|kurtishouser"
"russian_river_valley.geojson","elistockwell|SoominHur|labriola|amberreyes"
"rutherford.geojson","SoominHur|MicheleTobias|labriola|amberreyes|elistockwell"
"saddle_rock__malibu.geojson","andrewjessup|labriola|elistockwell"
"salado_creek.geojson","MicheleTobias|labriola|elistockwell"
"san_antonio_valley.geojson","MicheleTobias|SoominHur|labriola|elistockwell"
"san_benito.geojson","MicheleTobias|SoominHur|labriola|elistockwell"
"san_bernabe.geojson","MicheleTobias|SoominHur|labriola|elistockwell"
"san_francisco_bay.geojson","elistockwell|labriola|fyfangyao"
"san_juan_creek.geojson","andrewjessup|SoominHur|labriola|elistockwell"
"san_lucas.geojson","MicheleTobias|SoominHur|elistockwell|labriola"
"san_miguel_district.geojson","SoominHur|andrewjessup|labriola|elistockwell"
"san_pasqual_valley.geojson","andrewjessup|SoominHur|labriola|kurtishouser|elistockwell"
"san_ysidro_district.geojson","ariellerose|MicheleTobias|SoominHur|labriola|elistockwell"
"santa_clara_valley.geojson","MicheleTobias|SoominHur|labriola|elistockwell"
"santa_cruz_mountains.geojson","MicheleTobias|SoominHur|labriola|elistockwell"
"santa_lucia_highlands.geojson","elistockwell|SoominHur|fyfangyao"
"santa_margarita_ranch.geojson","andrewjessup|SoominHur|labriola|elistockwell"
"santa_maria_valley.geojson","elistockwell|andrewjessup|SoominHur|labriola"
"santa_ynez_valley.geojson","andrewjessup|SoominHur|labriola|elistockwell"
"seiad_valley.geojson","SoominHur|MicheleTobias|qjhart|labriola|elistockwell"
"seneca_lake.geojson","labriola|ericallanwest|kurtishouser|elistockwell"
"shawnee_hills.geojson","Alexenia|elistockwell|labriola"
"shenandoah_valley.geojson","dannyo33|elistockwell|labriola"
"sierra_foothills.geojson","MicheleTobias|labriola|elistockwell"
"sierra_pelona_valley.geojson","andrewjessup|labriola|elistockwell"
"sloughhouse.geojson","MicheleTobias|SoominHur|labriola|elistockwell"
"snake_river_valley.geojson","labriola|elistockwell|ericallanwest|kurtishouser"
"snipes_mountain.geojson","andrewjessup|labriola|elistockwell"
"solano_county_green_valley.geojson","labriola|SoominHur|MicheleTobias|kurtishouser|amberreyes|elistockwell"
"sonoita.geojson","MicheleTobias|labriola|APRios|elistockwell"
"sonoma_coast.geojson","SoominHur|labriola|amberreyes|elistockwell"
"sonoma_mountain.geojson","MicheleTobias|amberreyes|elistockwell|SoominHur|labriola|kurtishouser"
"sonoma_valley.geojson","MicheleTobias|SoominHur|labriola|kurtishouser|amberreyes|elistockwell"
"south_coast.geojson","andrewjessup|labriola|davidkli|elistockwell"
"southeastern_new_england.geojson","dannyo33|labriola|elistockwell"
"southern_oregon.geojson","labriola|elistockwell|ericallanwest|kurtishouser"
"spring_mountain_district.geojson","SoominHur|MicheleTobias|labriola|amberreyes|elistockwell"
"squaw_valley_miramonte.geojson","SoominHur|labriola|elistockwell|ariellerose"
"st__helena.geojson","MicheleTobias|SoominHur|labriola|amberreyes|elistockwell"
"sta__rita_hills.geojson","elistockwell|andrewjessup|kurtishouser|SoominHur|MicheleTobias"
"stags_leap_district.geojson","MicheleTobias|labriola|SoominHur|amberreyes|elistockwell"
"suisun_valley.geojson","MicheleTobias|SoominHur|labriola|elistockwell"
"swan_creek.geojson","MicheleTobias|labriola|elistockwell"
"tehachapi_mountains.geojson","elistockwell|labriola|kurtishouser"
"temecula_valley.geojson","elistockwell|andrewjessup|SoominHur"
"templeton_gap_district.geojson","SoominHur|andrewjessup|labriola|elistockwell"
"texas_davis_mountains.geojson","elistockwell|bsllee|labriola"
"texas_high_plains.geojson","labriola|elistockwell"
"texas_hill_country.geojson","MicheleTobias|labriola|elistockwell"
"texoma.geojson","elistockwell|labriola|kurtishouser|ouwxmaniac"
"the_hamptons_long_island.geojson","labriola|ericallanwest|kurtishouser|elistockwell"
"the_rocks_district_of_milton_freewater.geojson","labriola|kurtishouser|gdmf|elistockwell"
"tip_of_the_mitt.geojson","sierramabanta|labriola|elistockwell"
"tracy_hills.geojson","SoominHur|labriola|kurtishouser|fyfangyao|elistockwell"
"trinity_lakes.geojson","SoominHur|MicheleTobias|labriola|elistockwell"
"tualatin_hills.geojson","elistockwell|MicheleTobias|labriola"
"umpqua_valley.geojson","dannyo33|labriola|elistockwell"
"upper_hiwassee_highlands.geojson","labriola|ericallanwest|kurtishouser|davidkli|elistockwell"
"upper_hudson.geojson","labriola|ericallanwest|kurtishouser|elistockwell"
"upper_mississippi_river_valley.geojson","InnisfreeM|labriola|elistockwell"
"van_duzer_corridor.geojson","sdelong|MicheleTobias|labriola|kurtishouser|elistockwell"
"virginia_s_eastern_shore.geojson","labriola|ouwxmaniac|elistockwell"
"wahluke_slope.geojson","SoominHur|labriola|elistockwell"
"walla_walla_valley.geojson","dannyo33|labriola|elistockwell"
"warren_hills.geojson","ouwxmaniac|labriola|kurtishouser|elistockwell"
"west_elks.geojson","MicheleTobias|labriola|APRios|elistockwell"
"western_connecticut_highlands.geojson","Alexenia|MicheleTobias|elistockwell|labriola"
"wild_horse_valley.geojson","MicheleTobias|labriola|amberreyes|SoominHur|elistockwell"
"willamette_valley.geojson","elistockwell|MicheleTobias|labriola"
"willcox.geojson","MicheleTobias|labriola|APRios|elistockwell"
"willow_creek.geojson","MicheleTobias|SoominHur|labriola|elistockwell"
"wisconsin_ledge.geojson","labriola|elistockwell"
"yadkin_valley.geojson","MicheleTobias|labriola|davidkli|elistockwell"
"yakima_valley.geojson","labriola|andrewjessup|elistockwell|MicheleTobias"
"yamhill_carlton.geojson","elistockwell|sdelong|MicheleTobias"
"york_mountain.geojson","elistockwell|andrewjessup|SoominHur"
"yorkville_highlands.geojson","MicheleTobias|SoominHur|labriola|amberreyes|elistockwell"
"yountville.geojson","SoominHur|MicheleTobias|amberreyes|labriola|elistockwell"
